<?xml version="1.0" encoding="UTF-8"?>
<adf>
  <banner>
    <details>
      <uniqueId>73c399b2c55265e9264dabdc33b82904</uniqueId>
      <format>Standard</format>
      <name><![CDATA[FINALISIMO_VENETTIAN_P.F.CHANG]]></name>
      <events>1</events>
    </details>
    <settings>
      <responsiveWidth>0</responsiveWidth>
      <responsiveHeight>0</responsiveHeight>
      <landingPageTarget>_blank</landingPageTarget>
    </settings>
    <assets>
      <asset>
        <sourceType>src</sourceType>
        <fileName>main</fileName>
        <clickTagNames>
          <clickTagName><![CDATA[clickTAG]]></clickTagName>
          <clickTagName><![CDATA[clickTAG3]]></clickTagName>
          <clickTagName><![CDATA[clickTAG4]]></clickTagName>
          <clickTagName><![CDATA[clickTAG5]]></clickTagName>
        </clickTagNames>
        <eventIds/>
      </asset>
    </assets>
    <bannerClickTags>
      <bannerClickTag name="clickTAG" displayName="clickTAG"><![CDATA[https://pfchangsmexico.com.mx]]></bannerClickTag>
      <bannerClickTag name="clickTAG3" displayName="clickTAG3"><![CDATA[https://twitter.com/home?status=https://pfchangsmexico.com.mx]]></bannerClickTag>
      <bannerClickTag name="clickTAG4" displayName="clickTAG4"><![CDATA[https://whatsapp.com]]></bannerClickTag>
      <bannerClickTag name="clickTAG5" displayName="clickTAG5"><![CDATA[https://www.facebook.com/sharer/sharer.php?u=https://pfchangsmexico.com.mx]]></bannerClickTag>
    </bannerClickTags>
    <bannerEvents/>
    <variables/>
  </banner>
</adf>
