<?xml version="1.0" encoding="UTF-8"?>
<adf>
  <banner>
    <details>
      <uniqueId>1b70941e6207bbb18e42965a224dbb88</uniqueId>
      <format>Standard</format>
      <name><![CDATA[Standard]]></name>
      <events>1</events>
    </details>
    <settings>
      <responsiveWidth>0</responsiveWidth>
      <responsiveHeight>0</responsiveHeight>
      <landingPageTarget>_blank</landingPageTarget>
    </settings>
    <assets>
      <asset>
        <sourceType>src</sourceType>
        <fileName>main</fileName>
        <clickTagNames/>
        <eventIds/>
      </asset>
    </assets>
    <bannerClickTags/>
    <bannerEvents/>
    <variables/>
  </banner>
</adf>
