<?xml version="1.0" encoding="UTF-8"?>
<adf>
  <banner>
    <details>
      <uniqueId>e76e4319d39b2d634b0390d0f908a8e5</uniqueId>
      <format>3D Box MPU</format>
      <name><![CDATA[Cube Oster 4]]></name>
      <events>1</events>
    </details>
    <settings>
      <responsiveWidth>0</responsiveWidth>
      <responsiveHeight>0</responsiveHeight>
      <landingPageTarget>_blank</landingPageTarget>
    </settings>
    <assets>
      <asset>
        <sourceType>src</sourceType>
        <fileName>main</fileName>
        <clickTagNames>
          <clickTagName><![CDATA[clickTAG]]></clickTagName>
          <clickTagName><![CDATA[clickTAG2]]></clickTagName>
          <clickTagName><![CDATA[clickTAG3]]></clickTagName>
          <clickTagName><![CDATA[clickTAG4]]></clickTagName>
        </clickTagNames>
        <eventIds/>
      </asset>
    </assets>
    <bannerClickTags>
      <bannerClickTag name="clickTAG" displayName="clickTAG"><![CDATA[https://www.osterpromocion.com.mx/]]></bannerClickTag>
      <bannerClickTag name="clickTAG2" displayName="clickTAG2"><![CDATA[http://www.adform.com]]></bannerClickTag>
      <bannerClickTag name="clickTAG3" displayName="clickTAG3"><![CDATA[http://www.adform.com]]></bannerClickTag>
      <bannerClickTag name="clickTAG4" displayName="clickTAG4"><![CDATA[http://www.adform.com]]></bannerClickTag>
    </bannerClickTags>
    <bannerEvents/>
    <variables/>
  </banner>
</adf>
