<?xml version="1.0" encoding="UTF-8"?>
<adf>
  <banner>
    <details>
      <uniqueId>0cd182b83ca445a62ca10df68ee8d5bc</uniqueId>
      <format>Standard</format>
      <name><![CDATA[Petco_Cube]]></name>
      <events>1</events>
    </details>
    <settings>
      <responsiveWidth>0</responsiveWidth>
      <responsiveHeight>0</responsiveHeight>
      <landingPageTarget>_blank</landingPageTarget>
    </settings>
    <assets>
      <asset>
        <sourceType>src</sourceType>
        <fileName>main</fileName>
        <clickTagNames>
          <clickTagName><![CDATA[clickTAG]]></clickTagName>
          <clickTagName><![CDATA[clickTAG2]]></clickTagName>
          <clickTagName><![CDATA[clickTAG3]]></clickTagName>
          <clickTagName><![CDATA[clickTAG4]]></clickTagName>
          <clickTagName><![CDATA[clickTAG5]]></clickTagName>
        </clickTagNames>
        <eventIds/>
      </asset>
    </assets>
    <bannerClickTags>
      <bannerClickTag name="clickTAG" displayName="clickTAG"><![CDATA[https://goo.gl/maps/z4BfqoBKoR7Gc2Y76]]></bannerClickTag>
      <bannerClickTag name="clickTAG2" displayName="clickTAG2"><![CDATA[https://www.petco.com.mx/petco/en/]]></bannerClickTag>
      <bannerClickTag name="clickTAG3" displayName="clickTAG3"><![CDATA[https://www.facebook.com/sharer/sharer.php?u=https://www.petco.com.mx/petco/en/]]></bannerClickTag>
      <bannerClickTag name="clickTAG4" displayName="clickTAG4"><![CDATA[https://www.whatsapp.com]]></bannerClickTag>
      <bannerClickTag name="clickTAG5" displayName="clickTAG5"><![CDATA[https://twitter.com/home?status=https://www.petco.com.mx/petco/en/]]></bannerClickTag>
    </bannerClickTags>
    <bannerEvents/>
    <variables/>
  </banner>
</adf>
