<?xml version="1.0" encoding="UTF-8"?>
<adf>
  <banner>
    <details>
      <uniqueId>b01178788f926ec85e9bc987d72a1bdc</uniqueId>
      <format>Standard</format>
      <name><![CDATA[HM CUBE]]></name>
      <events>1</events>
    </details>
    <settings>
      <responsiveWidth>0</responsiveWidth>
      <responsiveHeight>0</responsiveHeight>
      <landingPageTarget>_blank</landingPageTarget>
    </settings>
    <assets>
      <asset>
        <sourceType>src</sourceType>
        <fileName>main</fileName>
        <clickTagNames>
          <clickTagName><![CDATA[clickTAG]]></clickTagName>
          <clickTagName><![CDATA[clickTAG2]]></clickTagName>
          <clickTagName><![CDATA[clickTAG3]]></clickTagName>
          <clickTagName><![CDATA[clickTAG4]]></clickTagName>
          <clickTagName><![CDATA[clickTAG5]]></clickTagName>
          <clickTagName><![CDATA[clickTAG6]]></clickTagName>
          <clickTagName><![CDATA[clickTAG7]]></clickTagName>
          <clickTagName><![CDATA[clickTAG8]]></clickTagName>
          <clickTagName><![CDATA[clickTAG9]]></clickTagName>
          <clickTagName><![CDATA[clickTAG10]]></clickTagName>
          <clickTagName><![CDATA[clickTAG11]]></clickTagName>
          <clickTagName><![CDATA[clickTAG12]]></clickTagName>
        </clickTagNames>
        <eventIds/>
      </asset>
    </assets>
    <bannerClickTags>
      <bannerClickTag name="clickTAG" displayName="clickTAG"><![CDATA[https://goo.gl/maps/DUKV5QXZzmT2]]></bannerClickTag>
      <bannerClickTag name="clickTAG2" displayName="clickTAG2"><![CDATA[https://www.hm.com/mx/]]></bannerClickTag>
      <bannerClickTag name="clickTAG3" displayName="clickTAG3"><![CDATA[https://plus.google.com/share?url=https://hebbabies.com.mx/snacks-para-tener-en-la-panalera/]]></bannerClickTag>
      <bannerClickTag name="clickTAG4" displayName="clickTAG4"><![CDATA[https://twitter.com/home?status=https://hebbabies.com.mx/snacks-para-tener-en-la-panalera/]]></bannerClickTag>
      <bannerClickTag name="clickTAG5" displayName="clickTAG5"><![CDATA[https://hebbabies.com.mx/tu-dieta-postparto-que-comer-ahora-que-daras-pecho/]]></bannerClickTag>
      <bannerClickTag name="clickTAG6" displayName="clickTAG6"><![CDATA[https://www.facebook.com/sharer/sharer.php?u=https://hebbabies.com.mx/tu-dieta-postparto-que-comer-ahora-que-daras-pecho/]]></bannerClickTag>
      <bannerClickTag name="clickTAG7" displayName="clickTAG7"><![CDATA[https://plus.google.com/share?url=https://hebbabies.com.mx/tu-dieta-postparto-que-comer-ahora-que-daras-pecho/]]></bannerClickTag>
      <bannerClickTag name="clickTAG8" displayName="clickTAG8"><![CDATA[https://twitter.com/home?status=https://hebbabies.com.mx/tu-dieta-postparto-que-comer-ahora-que-daras-pecho/]]></bannerClickTag>
      <bannerClickTag name="clickTAG9" displayName="clickTAG9"><![CDATA[https://www.facebook.com/sharer/sharer.php?u=https://hebbabies.com.mx/consejos-para-proteger-a-tu-bebe-en-invierno/]]></bannerClickTag>
      <bannerClickTag name="clickTAG10" displayName="clickTAG10"><![CDATA[https://twitter.com/home?status=https://hebbabies.com.mx/consejos-para-proteger-a-tu-bebe-en-invierno/]]></bannerClickTag>
      <bannerClickTag name="clickTAG11" displayName="clickTAG11"><![CDATA[https://hebbabies.com.mx/consejos-para-proteger-a-tu-bebe-en-invierno/]]></bannerClickTag>
      <bannerClickTag name="clickTAG12" displayName="clickTAG12"><![CDATA[https://plus.google.com/share?url=https://hebbabies.com.mx/consejos-para-proteger-a-tu-bebe-en-invierno/]]></bannerClickTag>
    </bannerClickTags>
    <bannerEvents/>
    <variables/>
  </banner>
</adf>
