<?xml version="1.0" encoding="UTF-8"?>
<adf>
  <banner>
    <details>
      <uniqueId>c7a4c613f79a3872d63e79777a547914</uniqueId>
      <format>Standard</format>
      <name><![CDATA[Brooks Brothers]]></name>
      <events>1</events>
    </details>
    <settings>
      <responsiveWidth>0</responsiveWidth>
      <responsiveHeight>0</responsiveHeight>
      <landingPageTarget>_blank</landingPageTarget>
    </settings>
    <assets>
      <asset>
        <sourceType>src</sourceType>
        <fileName>main</fileName>
        <clickTagNames>
          <clickTagName><![CDATA[clickTAG]]></clickTagName>
          <clickTagName><![CDATA[clickTAG2]]></clickTagName>
          <clickTagName><![CDATA[clickTAG3]]></clickTagName>
        </clickTagNames>
        <eventIds/>
      </asset>
    </assets>
    <bannerClickTags>
      <bannerClickTag name="clickTAG" displayName="clickTAG"><![CDATA[https://www.brooksbrothers.mx/]]></bannerClickTag>
      <bannerClickTag name="clickTAG2" displayName="clickTAG2"><![CDATA[https://www.facebook.com/sharer/sharer.php?u=https:https://www.brooksbrothers.mx/]]></bannerClickTag>
      <bannerClickTag name="clickTAG3" displayName="clickTAG3"><![CDATA[https://twitter.com/home?status=https://www.brooksbrothers.mx/]]></bannerClickTag>
    </bannerClickTags>
    <bannerEvents/>
    <variables/>
  </banner>
</adf>
